timeStamp,elapsed,label,responseCode,responseMessage,threadName,dataType,success,bytes,Latency
1470908285822,107,HTTP Request,200,OK,Thread Group 1-1,text,true,18525,107
1470908285932,5,HTTP Request,200,OK,Thread Group 1-1,text,true,18525,5
1470908285939,6,HTTP Request,200,OK,Thread Group 1-1,text,true,18525,6
1470908285946,4,HTTP Request,200,OK,Thread Group 1-1,text,true,18525,4
1470908285951,5,HTTP Request,200,OK,Thread Group 1-1,text,true,18525,5
1470908285958,7,HTTP Request,200,OK,Thread Group 1-1,text,true,18525,7
1470908285966,5,HTTP Request,200,OK,Thread Group 1-1,text,true,18525,5
1470908285973,5,HTTP Request,200,OK,Thread Group 1-1,text,true,18525,5
1470908285993,6,HTTP Request,200,OK,Thread Group 1-1,text,true,18525,5
1470908286006,5,HTTP Request,200,OK,Thread Group 1-1,text,true,18525,5
1470908286014,5,HTTP Request,200,OK,Thread Group 1-1,text,true,18525,5
1470908286022,8,HTTP Request,200,OK,Thread Group 1-1,text,true,18525,8
1470908286035,4,HTTP Request,200,OK,Thread Group 1-1,text,true,18525,4
1470908286041,5,HTTP Request,200,OK,Thread Group 1-1,text,true,18525,5
1470908286051,6,HTTP Request,200,OK,Thread Group 1-1,text,true,18525,6
1470908286059,8,HTTP Request,200,OK,Thread Group 1-1,text,true,18525,8
1470908286072,4,HTTP Request,200,OK,Thread Group 1-1,text,true,18525,4
1470908286082,5,HTTP Request,200,OK,Thread Group 1-1,text,true,18525,5
1470908286088,10,HTTP Request,200,OK,Thread Group 1-1,text,true,18525,10
1470908286103,6,HTTP Request,200,OK,Thread Group 1-1,text,true,18525,6
1470908286114,5,HTTP Request,200,OK,Thread Group 1-1,text,true,18525,5
1470908286120,5,HTTP Request,200,OK,Thread Group 1-1,text,true,18525,5
1470908286126,5,HTTP Request,200,OK,Thread Group 1-1,text,true,18525,5
1470908286132,6,HTTP Request,200,OK,Thread Group 1-1,text,true,18525,6
1470908286143,7,HTTP Request,200,OK,Thread Group 1-1,text,true,18525,7
1470908286161,6,HTTP Request,200,OK,Thread Group 1-1,text,true,18525,5
1470908286168,7,HTTP Request,200,OK,Thread Group 1-1,text,true,18525,6
1470908286180,5,HTTP Request,200,OK,Thread Group 1-1,text,true,18525,5
1470908286189,4,HTTP Request,200,OK,Thread Group 1-1,text,true,18525,4
1470908286195,4,HTTP Request,200,OK,Thread Group 1-1,text,true,18525,4
1470908286202,6,HTTP Request,200,OK,Thread Group 1-1,text,true,18525,6
1470908286209,6,HTTP Request,200,OK,Thread Group 1-1,text,true,18525,5
1470908286218,4,HTTP Request,200,OK,Thread Group 1-1,text,true,18525,4
1470908286223,4,HTTP Request,200,OK,Thread Group 1-1,text,true,18525,4
1470908286228,5,HTTP Request,200,OK,Thread Group 1-1,text,true,18525,5
1470908286233,4,HTTP Request,200,OK,Thread Group 1-1,text,true,18525,4
1470908286238,4,HTTP Request,200,OK,Thread Group 1-1,text,true,18525,4
1470908286243,6,HTTP Request,200,OK,Thread Group 1-1,text,true,18525,6
1470908286250,12,HTTP Request,200,OK,Thread Group 1-1,text,true,18525,12
1470908286262,8,HTTP Request,200,OK,Thread Group 1-1,text,true,18525,8
1470908286272,6,HTTP Request,200,OK,Thread Group 1-1,text,true,18525,6
1470908286279,5,HTTP Request,200,OK,Thread Group 1-1,text,true,18525,5
1470908286285,7,HTTP Request,200,OK,Thread Group 1-1,text,true,18525,7
1470908286293,5,HTTP Request,200,OK,Thread Group 1-1,text,true,18525,5
1470908286299,6,HTTP Request,200,OK,Thread Group 1-1,text,true,18525,6
1470908286307,5,HTTP Request,200,OK,Thread Group 1-1,text,true,18525,5
1470908286313,4,HTTP Request,200,OK,Thread Group 1-1,text,true,18525,4
1470908286318,5,HTTP Request,200,OK,Thread Group 1-1,text,true,18525,5
1470908286324,5,HTTP Request,200,OK,Thread Group 1-1,text,true,18525,5
1470908286330,4,HTTP Request,200,OK,Thread Group 1-1,text,true,18525,3
1470908286338,5,HTTP Request,200,OK,Thread Group 1-1,text,true,18525,5
1470908286344,4,HTTP Request,200,OK,Thread Group 1-1,text,true,18525,4
1470908286349,6,HTTP Request,200,OK,Thread Group 1-1,text,true,18525,6
1470908286355,4,HTTP Request,200,OK,Thread Group 1-1,text,true,18525,4
1470908286363,6,HTTP Request,200,OK,Thread Group 1-1,text,true,18525,6
1470908286370,5,HTTP Request,200,OK,Thread Group 1-1,text,true,18525,4
1470908286375,4,HTTP Request,200,OK,Thread Group 1-1,text,true,18525,4
1470908286380,5,HTTP Request,200,OK,Thread Group 1-1,text,true,18525,5
1470908286386,4,HTTP Request,200,OK,Thread Group 1-1,text,true,18525,4
1470908286390,6,HTTP Request,200,OK,Thread Group 1-1,text,true,18525,6
1470908286396,5,HTTP Request,200,OK,Thread Group 1-1,text,true,18525,5
1470908286404,4,HTTP Request,200,OK,Thread Group 1-1,text,true,18525,4
1470908286409,4,HTTP Request,200,OK,Thread Group 1-1,text,true,18525,4
1470908286414,5,HTTP Request,200,OK,Thread Group 1-1,text,true,18525,5
1470908286424,6,HTTP Request,200,OK,Thread Group 1-1,text,true,18525,6
1470908286433,5,HTTP Request,200,OK,Thread Group 1-1,text,true,18525,5
1470908286438,6,HTTP Request,200,OK,Thread Group 1-1,text,true,18525,6
1470908286445,3,HTTP Request,200,OK,Thread Group 1-1,text,true,18525,3
1470908286449,4,HTTP Request,200,OK,Thread Group 1-1,text,true,18525,4
1470908286454,4,HTTP Request,200,OK,Thread Group 1-1,text,true,18525,4
1470908286459,5,HTTP Request,200,OK,Thread Group 1-1,text,true,18525,5
1470908286465,5,HTTP Request,200,OK,Thread Group 1-1,text,true,18525,5
1470908286472,5,HTTP Request,200,OK,Thread Group 1-1,text,true,18525,5
1470908286478,4,HTTP Request,200,OK,Thread Group 1-1,text,true,18525,4
1470908286485,5,HTTP Request,200,OK,Thread Group 1-1,text,true,18525,5
1470908286491,4,HTTP Request,200,OK,Thread Group 1-1,text,true,18525,4
1470908286496,6,HTTP Request,200,OK,Thread Group 1-1,text,true,18525,6
1470908286503,6,HTTP Request,200,OK,Thread Group 1-1,text,true,18525,6
1470908286512,5,HTTP Request,200,OK,Thread Group 1-1,text,true,18525,5
1470908286518,6,HTTP Request,200,OK,Thread Group 1-1,text,true,18525,6
1470908286526,6,HTTP Request,200,OK,Thread Group 1-1,text,true,18525,6
1470908286534,6,HTTP Request,200,OK,Thread Group 1-1,text,true,18525,6
1470908286542,5,HTTP Request,200,OK,Thread Group 1-1,text,true,18525,5
1470908286548,5,HTTP Request,200,OK,Thread Group 1-1,text,true,18525,5
1470908286558,9,HTTP Request,200,OK,Thread Group 1-1,text,true,18525,9
1470908286570,5,HTTP Request,200,OK,Thread Group 1-1,text,true,18525,5
1470908286580,8,HTTP Request,200,OK,Thread Group 1-1,text,true,18525,8
1470908286591,8,HTTP Request,200,OK,Thread Group 1-1,text,true,18525,8
1470908286599,6,HTTP Request,200,OK,Thread Group 1-1,text,true,18525,6
1470908286606,6,HTTP Request,200,OK,Thread Group 1-1,text,true,18525,6
1470908286612,5,HTTP Request,200,OK,Thread Group 1-1,text,true,18525,5
1470908286618,6,HTTP Request,200,OK,Thread Group 1-1,text,true,18525,6
1470908286626,6,HTTP Request,200,OK,Thread Group 1-1,text,true,18525,6
1470908286634,4,HTTP Request,200,OK,Thread Group 1-1,text,true,18525,4
1470908286647,6,HTTP Request,200,OK,Thread Group 1-1,text,true,18525,6
1470908286656,6,HTTP Request,200,OK,Thread Group 1-1,text,true,18525,6
1470908286662,7,HTTP Request,200,OK,Thread Group 1-1,text,true,18525,7
1470908286673,6,HTTP Request,200,OK,Thread Group 1-1,text,true,18525,6
1470908286682,8,HTTP Request,200,OK,Thread Group 1-1,text,true,18525,8
1470908286694,13,HTTP Request,200,OK,Thread Group 1-1,text,true,18525,13
1470908286712,17,HTTP Request,200,OK,Thread Group 1-1,text,true,18525,17
1470908286733,8,HTTP Request,200,OK,Thread Group 1-1,text,true,18525,8
1470908286745,5,HTTP Request,200,OK,Thread Group 1-1,text,true,18525,5
1470908286753,5,HTTP Request,200,OK,Thread Group 1-1,text,true,18525,5
1470908286759,5,HTTP Request,200,OK,Thread Group 1-1,text,true,18525,5
1470908286771,5,HTTP Request,200,OK,Thread Group 1-1,text,true,18525,5
1470908286776,7,HTTP Request,200,OK,Thread Group 1-1,text,true,18525,7
1470908286788,6,HTTP Request,200,OK,Thread Group 1-1,text,true,18525,6
1470908286796,5,HTTP Request,200,OK,Thread Group 1-1,text,true,18525,5
1470908286804,5,HTTP Request,200,OK,Thread Group 1-1,text,true,18525,5
1470908286813,6,HTTP Request,200,OK,Thread Group 1-1,text,true,18525,6
1470908286819,6,HTTP Request,200,OK,Thread Group 1-1,text,true,18525,6
1470908286828,6,HTTP Request,200,OK,Thread Group 1-1,text,true,18525,6
1470908286835,5,HTTP Request,200,OK,Thread Group 1-1,text,true,18525,5
1470908286843,5,HTTP Request,200,OK,Thread Group 1-1,text,true,18525,5
1470908286850,6,HTTP Request,200,OK,Thread Group 1-1,text,true,18525,6
1470908286861,5,HTTP Request,200,OK,Thread Group 1-1,text,true,18525,5
1470908286870,5,HTTP Request,200,OK,Thread Group 1-1,text,true,18525,5
1470908286878,5,HTTP Request,200,OK,Thread Group 1-1,text,true,18525,5
1470908286886,5,HTTP Request,200,OK,Thread Group 1-1,text,true,18525,5
1470908286895,6,HTTP Request,200,OK,Thread Group 1-1,text,true,18525,6
1470908286902,4,HTTP Request,200,OK,Thread Group 1-1,text,true,18525,4
1470908286907,5,HTTP Request,200,OK,Thread Group 1-1,text,true,18525,5
1470908286914,5,HTTP Request,200,OK,Thread Group 1-1,text,true,18525,5
1470908286922,7,HTTP Request,200,OK,Thread Group 1-1,text,true,18525,7
1470908286930,5,HTTP Request,200,OK,Thread Group 1-1,text,true,18525,5
1470908286939,5,HTTP Request,200,OK,Thread Group 1-1,text,true,18525,5
1470908286946,7,HTTP Request,200,OK,Thread Group 1-1,text,true,18525,7
1470908286960,5,HTTP Request,200,OK,Thread Group 1-1,text,true,18525,5
1470908286966,6,HTTP Request,200,OK,Thread Group 1-1,text,true,18525,5
1470908286974,6,HTTP Request,200,OK,Thread Group 1-1,text,true,18525,5
1470908286982,6,HTTP Request,200,OK,Thread Group 1-1,text,true,18525,6
1470908286991,7,HTTP Request,200,OK,Thread Group 1-1,text,true,18525,7
1470908286999,5,HTTP Request,200,OK,Thread Group 1-1,text,true,18525,5
1470908287007,5,HTTP Request,200,OK,Thread Group 1-1,text,true,18525,5
1470908287015,15,HTTP Request,200,OK,Thread Group 1-1,text,true,18525,15
1470908287032,6,HTTP Request,200,OK,Thread Group 1-1,text,true,18525,6
1470908287041,5,HTTP Request,200,OK,Thread Group 1-1,text,true,18525,5
1470908287049,5,HTTP Request,200,OK,Thread Group 1-1,text,true,18525,5
1470908287056,6,HTTP Request,200,OK,Thread Group 1-1,text,true,18525,6
1470908287065,6,HTTP Request,200,OK,Thread Group 1-1,text,true,18525,6
1470908287071,6,HTTP Request,200,OK,Thread Group 1-1,text,true,18525,6
1470908287079,6,HTTP Request,200,OK,Thread Group 1-1,text,true,18525,6
1470908287088,5,HTTP Request,200,OK,Thread Group 1-1,text,true,18525,5
1470908287095,7,HTTP Request,200,OK,Thread Group 1-1,text,true,18525,6
1470908287106,5,HTTP Request,200,OK,Thread Group 1-1,text,true,18525,4
1470908287111,6,HTTP Request,200,OK,Thread Group 1-1,text,true,18525,5
1470908287122,6,HTTP Request,200,OK,Thread Group 1-1,text,true,18525,6
1470908287131,6,HTTP Request,200,OK,Thread Group 1-1,text,true,18525,6
1470908287140,5,HTTP Request,200,OK,Thread Group 1-1,text,true,18525,5
1470908287148,5,HTTP Request,200,OK,Thread Group 1-1,text,true,18525,5
1470908287157,7,HTTP Request,200,OK,Thread Group 1-1,text,true,18525,7
1470908287165,6,HTTP Request,200,OK,Thread Group 1-1,text,true,18525,6
1470908287175,7,HTTP Request,200,OK,Thread Group 1-1,text,true,18525,7
1470908287186,5,HTTP Request,200,OK,Thread Group 1-1,text,true,18525,5
1470908287194,5,HTTP Request,200,OK,Thread Group 1-1,text,true,18525,5
1470908287202,7,HTTP Request,200,OK,Thread Group 1-1,text,true,18525,7
1470908287212,7,HTTP Request,200,OK,Thread Group 1-1,text,true,18525,7
1470908287224,7,HTTP Request,200,OK,Thread Group 1-1,text,true,18525,7
1470908287234,5,HTTP Request,200,OK,Thread Group 1-1,text,true,18525,5
1470908287241,5,HTTP Request,200,OK,Thread Group 1-1,text,true,18525,5
1470908287249,6,HTTP Request,200,OK,Thread Group 1-1,text,true,18525,6
1470908287260,5,HTTP Request,200,OK,Thread Group 1-1,text,true,18525,5
1470908287268,15,HTTP Request,200,OK,Thread Group 1-1,text,true,18525,15
1470908287285,12,HTTP Request,200,OK,Thread Group 1-1,text,true,18525,12
1470908287300,6,HTTP Request,200,OK,Thread Group 1-1,text,true,18525,6
1470908287311,5,HTTP Request,200,OK,Thread Group 1-1,text,true,18525,5
1470908287323,22,HTTP Request,200,OK,Thread Group 1-1,text,true,18525,22
1470908287348,5,HTTP Request,200,OK,Thread Group 1-1,text,true,18525,5
1470908287355,5,HTTP Request,200,OK,Thread Group 1-1,text,true,18525,5
1470908287363,6,HTTP Request,200,OK,Thread Group 1-1,text,true,18525,6
1470908287373,7,HTTP Request,200,OK,Thread Group 1-1,text,true,18525,7
1470908287382,5,HTTP Request,200,OK,Thread Group 1-1,text,true,18525,5
1470908287390,21,HTTP Request,200,OK,Thread Group 1-1,text,true,18525,21
1470908287414,6,HTTP Request,200,OK,Thread Group 1-1,text,true,18525,6
1470908287423,5,HTTP Request,200,OK,Thread Group 1-1,text,true,18525,5
1470908287431,5,HTTP Request,200,OK,Thread Group 1-1,text,true,18525,5
1470908287438,5,HTTP Request,200,OK,Thread Group 1-1,text,true,18525,5
1470908287446,7,HTTP Request,200,OK,Thread Group 1-1,text,true,18525,7
1470908287454,6,HTTP Request,200,OK,Thread Group 1-1,text,true,18525,6
1470908287462,9,HTTP Request,200,OK,Thread Group 1-1,text,true,18525,9
1470908287473,5,HTTP Request,200,OK,Thread Group 1-1,text,true,18525,5
1470908287480,4,HTTP Request,200,OK,Thread Group 1-1,text,true,18525,4
1470908287486,9,HTTP Request,200,OK,Thread Group 1-1,text,true,18525,9
1470908287497,6,HTTP Request,200,OK,Thread Group 1-1,text,true,18525,6
1470908287506,5,HTTP Request,200,OK,Thread Group 1-1,text,true,18525,5
1470908287514,5,HTTP Request,200,OK,Thread Group 1-1,text,true,18525,5
1470908287521,6,HTTP Request,200,OK,Thread Group 1-1,text,true,18525,5
1470908287531,5,HTTP Request,200,OK,Thread Group 1-1,text,true,18525,5
1470908287537,5,HTTP Request,200,OK,Thread Group 1-1,text,true,18525,5
1470908287543,6,HTTP Request,200,OK,Thread Group 1-1,text,true,18525,6
1470908287551,5,HTTP Request,200,OK,Thread Group 1-1,text,true,18525,5
1470908287562,5,HTTP Request,200,OK,Thread Group 1-1,text,true,18525,5
1470908287569,7,HTTP Request,200,OK,Thread Group 1-1,text,true,18525,6
1470908287580,5,HTTP Request,200,OK,Thread Group 1-1,text,true,18525,5
1470908287586,5,HTTP Request,200,OK,Thread Group 1-1,text,true,18525,5
1470908287594,5,HTTP Request,200,OK,Thread Group 1-1,text,true,18525,5
1470908287602,6,HTTP Request,200,OK,Thread Group 1-1,text,true,18525,6
1470908287610,4,HTTP Request,200,OK,Thread Group 1-1,text,true,18525,4
1470908287617,11,HTTP Request,200,OK,Thread Group 1-1,text,true,18525,11
1470908287631,5,HTTP Request,200,OK,Thread Group 1-1,text,true,18525,5
1470908287637,6,HTTP Request,200,OK,Thread Group 1-1,text,true,18525,6
1470908287645,54,HTTP Request,200,OK,Thread Group 1-1,text,true,18525,54
1470908287700,6,HTTP Request,200,OK,Thread Group 1-1,text,true,18525,6
1470908287710,7,HTTP Request,200,OK,Thread Group 1-1,text,true,18525,7
1470908287719,5,HTTP Request,200,OK,Thread Group 1-1,text,true,18525,5
1470908287725,6,HTTP Request,200,OK,Thread Group 1-1,text,true,18525,6
1470908287732,6,HTTP Request,200,OK,Thread Group 1-1,text,true,18525,6
1470908287742,6,HTTP Request,200,OK,Thread Group 1-1,text,true,18525,6
1470908287750,9,HTTP Request,200,OK,Thread Group 1-1,text,true,18525,9
1470908287761,5,HTTP Request,200,OK,Thread Group 1-1,text,true,18525,5
1470908287769,5,HTTP Request,200,OK,Thread Group 1-1,text,true,18525,5
1470908287776,6,HTTP Request,200,OK,Thread Group 1-1,text,true,18525,6
1470908287785,11,HTTP Request,200,OK,Thread Group 1-1,text,true,18525,11
1470908287797,8,HTTP Request,200,OK,Thread Group 1-1,text,true,18525,8
1470908287807,5,HTTP Request,200,OK,Thread Group 1-1,text,true,18525,5
1470908287814,5,HTTP Request,200,OK,Thread Group 1-1,text,true,18525,5
1470908287821,6,HTTP Request,200,OK,Thread Group 1-1,text,true,18525,6
1470908287829,5,HTTP Request,200,OK,Thread Group 1-1,text,true,18525,5
1470908287836,7,HTTP Request,200,OK,Thread Group 1-1,text,true,18525,7
1470908287846,5,HTTP Request,200,OK,Thread Group 1-1,text,true,18525,5
1470908287853,6,HTTP Request,200,OK,Thread Group 1-1,text,true,18525,5
1470908287863,5,HTTP Request,200,OK,Thread Group 1-1,text,true,18525,5
1470908287871,5,HTTP Request,200,OK,Thread Group 1-1,text,true,18525,5
1470908287877,6,HTTP Request,200,OK,Thread Group 1-1,text,true,18525,6
1470908287885,22,HTTP Request,200,OK,Thread Group 1-1,text,true,18525,22
1470908287909,5,HTTP Request,200,OK,Thread Group 1-1,text,true,18525,5
1470908287915,7,HTTP Request,200,OK,Thread Group 1-1,text,true,18525,7
1470908287924,9,HTTP Request,200,OK,Thread Group 1-1,text,true,18525,9
1470908287935,5,HTTP Request,200,OK,Thread Group 1-1,text,true,18525,5
1470908287943,5,HTTP Request,200,OK,Thread Group 1-1,text,true,18525,5
1470908287950,6,HTTP Request,200,OK,Thread Group 1-1,text,true,18525,6
1470908287958,5,HTTP Request,200,OK,Thread Group 1-1,text,true,18525,5
1470908287964,5,HTTP Request,200,OK,Thread Group 1-1,text,true,18525,5
1470908287980,6,HTTP Request,200,OK,Thread Group 1-1,text,true,18525,6
1470908287990,4,HTTP Request,200,OK,Thread Group 1-1,text,true,18525,4
1470908287998,5,HTTP Request,200,OK,Thread Group 1-1,text,true,18525,5
1470908288005,5,HTTP Request,200,OK,Thread Group 1-1,text,true,18525,5
1470908288012,5,HTTP Request,200,OK,Thread Group 1-1,text,true,18525,5
1470908288020,5,HTTP Request,200,OK,Thread Group 1-1,text,true,18525,5
1470908288028,6,HTTP Request,200,OK,Thread Group 1-1,text,true,18525,6
1470908288036,5,HTTP Request,200,OK,Thread Group 1-1,text,true,18525,5
1470908288042,5,HTTP Request,200,OK,Thread Group 1-1,text,true,18525,5
1470908288050,9,HTTP Request,200,OK,Thread Group 1-1,text,true,18525,9
1470908288061,7,HTTP Request,200,OK,Thread Group 1-1,text,true,18525,6
1470908288069,9,HTTP Request,200,OK,Thread Group 1-1,text,true,18525,9
1470908288082,7,HTTP Request,200,OK,Thread Group 1-1,text,true,18525,7
1470908288091,5,HTTP Request,200,OK,Thread Group 1-1,text,true,18525,5
1470908288100,14,HTTP Request,200,OK,Thread Group 1-1,text,true,18525,14
1470908288116,7,HTTP Request,200,OK,Thread Group 1-1,text,true,18525,7
1470908288125,6,HTTP Request,200,OK,Thread Group 1-1,text,true,18525,6
1470908288132,6,HTTP Request,200,OK,Thread Group 1-1,text,true,18525,6
1470908288140,5,HTTP Request,200,OK,Thread Group 1-1,text,true,18525,5
1470908288147,5,HTTP Request,200,OK,Thread Group 1-1,text,true,18525,5
1470908288154,6,HTTP Request,200,OK,Thread Group 1-1,text,true,18525,6
1470908288166,7,HTTP Request,200,OK,Thread Group 1-1,text,true,18525,7
1470908288176,5,HTTP Request,200,OK,Thread Group 1-1,text,true,18525,5
1470908288183,5,HTTP Request,200,OK,Thread Group 1-1,text,true,18525,5
1470908288191,13,HTTP Request,200,OK,Thread Group 1-1,text,true,18525,13
1470908288205,7,HTTP Request,200,OK,Thread Group 1-1,text,true,18525,7
1470908288215,5,HTTP Request,200,OK,Thread Group 1-1,text,true,18525,5
1470908288222,5,HTTP Request,200,OK,Thread Group 1-1,text,true,18525,5
1470908288229,6,HTTP Request,200,OK,Thread Group 1-1,text,true,18525,6
1470908288237,9,HTTP Request,200,OK,Thread Group 1-1,text,true,18525,9
1470908288248,6,HTTP Request,200,OK,Thread Group 1-1,text,true,18525,6
1470908288256,5,HTTP Request,200,OK,Thread Group 1-1,text,true,18525,5
1470908288263,6,HTTP Request,200,OK,Thread Group 1-1,text,true,18525,6
1470908288269,7,HTTP Request,200,OK,Thread Group 1-1,text,true,18525,7
1470908288289,8,HTTP Request,200,OK,Thread Group 1-1,text,true,18525,8
1470908288298,6,HTTP Request,200,OK,Thread Group 1-1,text,true,18525,6
1470908288305,5,HTTP Request,200,OK,Thread Group 1-1,text,true,18525,5
1470908288313,15,HTTP Request,200,OK,Thread Group 1-1,text,true,18525,15
1470908288329,6,HTTP Request,200,OK,Thread Group 1-1,text,true,18525,6
1470908288336,8,HTTP Request,200,OK,Thread Group 1-1,text,true,18525,8
1470908288346,3,HTTP Request,200,OK,Thread Group 1-1,text,true,18525,3
1470908288351,5,HTTP Request,200,OK,Thread Group 1-1,text,true,18525,5
1470908288358,5,HTTP Request,200,OK,Thread Group 1-1,text,true,18525,5
1470908288366,6,HTTP Request,200,OK,Thread Group 1-1,text,true,18525,6
1470908288373,4,HTTP Request,200,OK,Thread Group 1-1,text,true,18525,4
1470908288379,5,HTTP Request,200,OK,Thread Group 1-1,text,true,18525,5
1470908288387,7,HTTP Request,200,OK,Thread Group 1-1,text,true,18525,7
1470908288396,4,HTTP Request,200,OK,Thread Group 1-1,text,true,18525,4
1470908288403,6,HTTP Request,200,OK,Thread Group 1-1,text,true,18525,6
1470908288411,7,HTTP Request,200,OK,Thread Group 1-1,text,true,18525,7
1470908288419,7,HTTP Request,200,OK,Thread Group 1-1,text,true,18525,7
1470908288427,6,HTTP Request,200,OK,Thread Group 1-1,text,true,18525,6
1470908288436,5,HTTP Request,200,OK,Thread Group 1-1,text,true,18525,5
1470908288442,5,HTTP Request,200,OK,Thread Group 1-1,text,true,18525,5
1470908288450,8,HTTP Request,200,OK,Thread Group 1-1,text,true,18525,6
1470908288459,6,HTTP Request,200,OK,Thread Group 1-1,text,true,18525,6
1470908288465,6,HTTP Request,200,OK,Thread Group 1-1,text,true,18525,6
1470908288477,6,HTTP Request,200,OK,Thread Group 1-1,text,true,18525,6
1470908288485,5,HTTP Request,200,OK,Thread Group 1-1,text,true,18525,5
1470908288496,6,HTTP Request,200,OK,Thread Group 1-1,text,true,18525,6
1470908288504,6,HTTP Request,200,OK,Thread Group 1-1,text,true,18525,6
1470908288512,5,HTTP Request,200,OK,Thread Group 1-1,text,true,18525,5
1470908288519,5,HTTP Request,200,OK,Thread Group 1-1,text,true,18525,5
1470908288526,6,HTTP Request,200,OK,Thread Group 1-1,text,true,18525,6
1470908288535,5,HTTP Request,200,OK,Thread Group 1-1,text,true,18525,5
1470908288543,5,HTTP Request,200,OK,Thread Group 1-1,text,true,18525,5
1470908288550,5,HTTP Request,200,OK,Thread Group 1-1,text,true,18525,5
1470908288559,8,HTTP Request,200,OK,Thread Group 1-1,text,true,18525,8
1470908288568,6,HTTP Request,200,OK,Thread Group 1-1,text,true,18525,6
1470908288577,6,HTTP Request,200,OK,Thread Group 1-1,text,true,18525,6
1470908288585,9,HTTP Request,200,OK,Thread Group 1-1,text,true,18525,9
1470908288595,6,HTTP Request,200,OK,Thread Group 1-1,text,true,18525,6
1470908288603,5,HTTP Request,200,OK,Thread Group 1-1,text,true,18525,5
1470908288611,5,HTTP Request,200,OK,Thread Group 1-1,text,true,18525,5
1470908288618,5,HTTP Request,200,OK,Thread Group 1-1,text,true,18525,5
1470908288626,6,HTTP Request,200,OK,Thread Group 1-1,text,true,18525,6
1470908288635,6,HTTP Request,200,OK,Thread Group 1-1,text,true,18525,6
1470908288643,5,HTTP Request,200,OK,Thread Group 1-1,text,true,18525,5
1470908288649,5,HTTP Request,200,OK,Thread Group 1-1,text,true,18525,5
1470908288657,5,HTTP Request,200,OK,Thread Group 1-1,text,true,18525,5
1470908288664,7,HTTP Request,200,OK,Thread Group 1-1,text,true,18525,7
1470908288674,6,HTTP Request,200,OK,Thread Group 1-1,text,true,18525,6
1470908288682,5,HTTP Request,200,OK,Thread Group 1-1,text,true,18525,5
1470908288689,5,HTTP Request,200,OK,Thread Group 1-1,text,true,18525,5
1470908288696,6,HTTP Request,200,OK,Thread Group 1-1,text,true,18525,6
1470908288704,5,HTTP Request,200,OK,Thread Group 1-1,text,true,18525,5
1470908288726,6,HTTP Request,200,OK,Thread Group 1-1,text,true,18525,6
1470908288734,5,HTTP Request,200,OK,Thread Group 1-1,text,true,18525,5
1470908288741,6,HTTP Request,200,OK,Thread Group 1-1,text,true,18525,6
1470908288749,5,HTTP Request,200,OK,Thread Group 1-1,text,true,18525,5
1470908288758,5,HTTP Request,200,OK,Thread Group 1-1,text,true,18525,5
1470908288766,6,HTTP Request,200,OK,Thread Group 1-1,text,true,18525,6
1470908288774,5,HTTP Request,200,OK,Thread Group 1-1,text,true,18525,5
1470908288781,6,HTTP Request,200,OK,Thread Group 1-1,text,true,18525,6
1470908288789,6,HTTP Request,200,OK,Thread Group 1-1,text,true,18525,5
1470908288797,5,HTTP Request,200,OK,Thread Group 1-1,text,true,18525,5
1470908288803,6,HTTP Request,200,OK,Thread Group 1-1,text,true,18525,6
1470908288811,5,HTTP Request,200,OK,Thread Group 1-1,text,true,18525,5
1470908288818,5,HTTP Request,200,OK,Thread Group 1-1,text,true,18525,5
1470908288825,5,HTTP Request,200,OK,Thread Group 1-1,text,true,18525,5
1470908288831,5,HTTP Request,200,OK,Thread Group 1-1,text,true,18525,5
1470908288838,5,HTTP Request,200,OK,Thread Group 1-1,text,true,18525,5
1470908288845,5,HTTP Request,200,OK,Thread Group 1-1,text,true,18525,5
1470908288853,6,HTTP Request,200,OK,Thread Group 1-1,text,true,18525,6
1470908288860,4,HTTP Request,200,OK,Thread Group 1-1,text,true,18525,4
1470908288865,4,HTTP Request,200,OK,Thread Group 1-1,text,true,18525,4
1470908288870,3,HTTP Request,200,OK,Thread Group 1-1,text,true,18525,3
1470908288874,10,HTTP Request,200,OK,Thread Group 1-1,text,true,18525,10
1470908288886,11,HTTP Request,200,OK,Thread Group 1-1,text,true,18525,11
1470908288899,5,HTTP Request,200,OK,Thread Group 1-1,text,true,18525,5
1470908288906,5,HTTP Request,200,OK,Thread Group 1-1,text,true,18525,5
1470908288912,6,HTTP Request,200,OK,Thread Group 1-1,text,true,18525,6
1470908288924,5,HTTP Request,200,OK,Thread Group 1-1,text,true,18525,5
1470908288938,6,HTTP Request,200,OK,Thread Group 1-1,text,true,18525,6
1470908288946,5,HTTP Request,200,OK,Thread Group 1-1,text,true,18525,5
1470908288952,5,HTTP Request,200,OK,Thread Group 1-1,text,true,18525,5
1470908288961,12,HTTP Request,200,OK,Thread Group 1-1,text,true,18525,12
1470908288976,6,HTTP Request,200,OK,Thread Group 1-1,text,true,18525,6
1470908288985,4,HTTP Request,200,OK,Thread Group 1-1,text,true,18525,4
1470908288991,4,HTTP Request,200,OK,Thread Group 1-1,text,true,18525,4
1470908288997,4,HTTP Request,200,OK,Thread Group 1-1,text,true,18525,4
1470908289002,7,HTTP Request,200,OK,Thread Group 1-1,text,true,18525,7
1470908289010,9,HTTP Request,200,OK,Thread Group 1-1,text,true,18525,9
1470908289021,6,HTTP Request,200,OK,Thread Group 1-1,text,true,18525,6
1470908289030,5,HTTP Request,200,OK,Thread Group 1-1,text,true,18525,5
1470908289037,5,HTTP Request,200,OK,Thread Group 1-1,text,true,18525,5
1470908289044,5,HTTP Request,200,OK,Thread Group 1-1,text,true,18525,5
1470908289050,18,HTTP Request,200,OK,Thread Group 1-1,text,true,18525,18
1470908289071,6,HTTP Request,200,OK,Thread Group 1-1,text,true,18525,6
1470908289077,4,HTTP Request,200,OK,Thread Group 1-1,text,true,18525,4
1470908289081,4,HTTP Request,200,OK,Thread Group 1-1,text,true,18525,4
1470908289085,4,HTTP Request,200,OK,Thread Group 1-1,text,true,18525,4
1470908289090,5,HTTP Request,200,OK,Thread Group 1-1,text,true,18525,4
1470908289095,5,HTTP Request,200,OK,Thread Group 1-1,text,true,18525,5
1470908289100,5,HTTP Request,200,OK,Thread Group 1-1,text,true,18525,5
1470908289106,6,HTTP Request,200,OK,Thread Group 1-1,text,true,18525,5
1470908289118,4,HTTP Request,200,OK,Thread Group 1-1,text,true,18525,4
1470908289124,5,HTTP Request,200,OK,Thread Group 1-1,text,true,18525,5
1470908289131,6,HTTP Request,200,OK,Thread Group 1-1,text,true,18525,6
1470908289138,6,HTTP Request,200,OK,Thread Group 1-1,text,true,18525,6
1470908289146,6,HTTP Request,200,OK,Thread Group 1-1,text,true,18525,6
1470908289154,5,HTTP Request,200,OK,Thread Group 1-1,text,true,18525,5
1470908289161,4,HTTP Request,200,OK,Thread Group 1-1,text,true,18525,4
1470908289167,6,HTTP Request,200,OK,Thread Group 1-1,text,true,18525,6
1470908289175,14,HTTP Request,200,OK,Thread Group 1-1,text,true,18525,14
1470908289190,7,HTTP Request,200,OK,Thread Group 1-1,text,true,18525,7
1470908289199,5,HTTP Request,200,OK,Thread Group 1-1,text,true,18525,5
1470908289208,9,HTTP Request,200,OK,Thread Group 1-1,text,true,18525,9
1470908289222,8,HTTP Request,200,OK,Thread Group 1-1,text,true,18525,8
1470908289232,12,HTTP Request,200,OK,Thread Group 1-1,text,true,18525,12
1470908289246,5,HTTP Request,200,OK,Thread Group 1-1,text,true,18525,5
1470908289252,4,HTTP Request,200,OK,Thread Group 1-1,text,true,18525,4
1470908289260,5,HTTP Request,200,OK,Thread Group 1-1,text,true,18525,5
1470908289267,5,HTTP Request,200,OK,Thread Group 1-1,text,true,18525,5
1470908289275,5,HTTP Request,200,OK,Thread Group 1-1,text,true,18525,5
1470908289282,5,HTTP Request,200,OK,Thread Group 1-1,text,true,18525,5
1470908289288,6,HTTP Request,200,OK,Thread Group 1-1,text,true,18525,6
1470908289295,6,HTTP Request,200,OK,Thread Group 1-1,text,true,18525,6
1470908289302,6,HTTP Request,200,OK,Thread Group 1-1,text,true,18525,6
1470908289309,6,HTTP Request,200,OK,Thread Group 1-1,text,true,18525,6
1470908289317,7,HTTP Request,200,OK,Thread Group 1-1,text,true,18525,7
1470908289325,5,HTTP Request,200,OK,Thread Group 1-1,text,true,18525,5
1470908289332,6,HTTP Request,200,OK,Thread Group 1-1,text,true,18525,6
1470908289340,6,HTTP Request,200,OK,Thread Group 1-1,text,true,18525,6
1470908289347,6,HTTP Request,200,OK,Thread Group 1-1,text,true,18525,6
1470908289356,6,HTTP Request,200,OK,Thread Group 1-1,text,true,18525,6
1470908289363,5,HTTP Request,200,OK,Thread Group 1-1,text,true,18525,5
1470908289371,6,HTTP Request,200,OK,Thread Group 1-1,text,true,18525,6
1470908289379,5,HTTP Request,200,OK,Thread Group 1-1,text,true,18525,5
1470908289385,7,HTTP Request,200,OK,Thread Group 1-1,text,true,18525,7
1470908289392,5,HTTP Request,200,OK,Thread Group 1-1,text,true,18525,5
1470908289397,5,HTTP Request,200,OK,Thread Group 1-1,text,true,18525,5
1470908289404,5,HTTP Request,200,OK,Thread Group 1-1,text,true,18525,5
1470908289410,6,HTTP Request,200,OK,Thread Group 1-1,text,true,18525,6
1470908289417,5,HTTP Request,200,OK,Thread Group 1-1,text,true,18525,5
1470908289426,6,HTTP Request,200,OK,Thread Group 1-1,text,true,18525,6
1470908289434,5,HTTP Request,200,OK,Thread Group 1-1,text,true,18525,5
1470908289441,5,HTTP Request,200,OK,Thread Group 1-1,text,true,18525,4
1470908289447,5,HTTP Request,200,OK,Thread Group 1-1,text,true,18525,5
1470908289454,9,HTTP Request,200,OK,Thread Group 1-1,text,true,18525,9
1470908289465,6,HTTP Request,200,OK,Thread Group 1-1,text,true,18525,6
1470908289473,6,HTTP Request,200,OK,Thread Group 1-1,text,true,18525,5
1470908289480,5,HTTP Request,200,OK,Thread Group 1-1,text,true,18525,5
1470908289487,4,HTTP Request,200,OK,Thread Group 1-1,text,true,18525,4
1470908289497,10,HTTP Request,200,OK,Thread Group 1-1,text,true,18525,10
1470908289508,6,HTTP Request,200,OK,Thread Group 1-1,text,true,18525,6
1470908289516,5,HTTP Request,200,OK,Thread Group 1-1,text,true,18525,5
1470908289523,5,HTTP Request,200,OK,Thread Group 1-1,text,true,18525,5
1470908289528,5,HTTP Request,200,OK,Thread Group 1-1,text,true,18525,5
1470908289534,5,HTTP Request,200,OK,Thread Group 1-1,text,true,18525,5
1470908289542,9,HTTP Request,200,OK,Thread Group 1-1,text,true,18525,9
1470908289552,5,HTTP Request,200,OK,Thread Group 1-1,text,true,18525,5
1470908289558,5,HTTP Request,200,OK,Thread Group 1-1,text,true,18525,5
1470908289564,4,HTTP Request,200,OK,Thread Group 1-1,text,true,18525,4
1470908289569,6,HTTP Request,200,OK,Thread Group 1-1,text,true,18525,6
1470908289576,5,HTTP Request,200,OK,Thread Group 1-1,text,true,18525,5
1470908289583,6,HTTP Request,200,OK,Thread Group 1-1,text,true,18525,6
1470908289590,5,HTTP Request,200,OK,Thread Group 1-1,text,true,18525,5
1470908289597,5,HTTP Request,200,OK,Thread Group 1-1,text,true,18525,5
1470908289603,6,HTTP Request,200,OK,Thread Group 1-1,text,true,18525,6
1470908289611,5,HTTP Request,200,OK,Thread Group 1-1,text,true,18525,5
1470908289618,5,HTTP Request,200,OK,Thread Group 1-1,text,true,18525,5
1470908289625,4,HTTP Request,200,OK,Thread Group 1-1,text,true,18525,4
1470908289631,6,HTTP Request,200,OK,Thread Group 1-1,text,true,18525,6
1470908289639,5,HTTP Request,200,OK,Thread Group 1-1,text,true,18525,5
1470908289645,21,HTTP Request,200,OK,Thread Group 1-1,text,true,18525,21
1470908289671,21,HTTP Request,200,OK,Thread Group 1-1,text,true,18525,21
1470908289693,13,HTTP Request,200,OK,Thread Group 1-1,text,true,18525,13
1470908289707,5,HTTP Request,200,OK,Thread Group 1-1,text,true,18525,5
1470908289713,3,HTTP Request,200,OK,Thread Group 1-1,text,true,18525,3
1470908289716,4,HTTP Request,200,OK,Thread Group 1-1,text,true,18525,4
1470908289720,5,HTTP Request,200,OK,Thread Group 1-1,text,true,18525,5
1470908289725,6,HTTP Request,200,OK,Thread Group 1-1,text,true,18525,6
1470908289731,5,HTTP Request,200,OK,Thread Group 1-1,text,true,18525,5
1470908289737,5,HTTP Request,200,OK,Thread Group 1-1,text,true,18525,5
1470908289744,5,HTTP Request,200,OK,Thread Group 1-1,text,true,18525,5
1470908289749,5,HTTP Request,200,OK,Thread Group 1-1,text,true,18525,5
1470908289755,5,HTTP Request,200,OK,Thread Group 1-1,text,true,18525,5
1470908289761,5,HTTP Request,200,OK,Thread Group 1-1,text,true,18525,5
1470908289768,6,HTTP Request,200,OK,Thread Group 1-1,text,true,18525,6
1470908289774,6,HTTP Request,200,OK,Thread Group 1-1,text,true,18525,6
1470908289781,5,HTTP Request,200,OK,Thread Group 1-1,text,true,18525,5
1470908289788,5,HTTP Request,200,OK,Thread Group 1-1,text,true,18525,5
1470908289794,10,HTTP Request,200,OK,Thread Group 1-1,text,true,18525,10
1470908289805,5,HTTP Request,200,OK,Thread Group 1-1,text,true,18525,5
1470908289811,5,HTTP Request,200,OK,Thread Group 1-1,text,true,18525,5
1470908289817,4,HTTP Request,200,OK,Thread Group 1-1,text,true,18525,4
1470908289823,5,HTTP Request,200,OK,Thread Group 1-1,text,true,18525,5
1470908289828,5,HTTP Request,200,OK,Thread Group 1-1,text,true,18525,5
1470908289834,3,HTTP Request,200,OK,Thread Group 1-1,text,true,18525,3
1470908289839,5,HTTP Request,200,OK,Thread Group 1-1,text,true,18525,5
1470908289845,3,HTTP Request,200,OK,Thread Group 1-1,text,true,18525,3
1470908289849,4,HTTP Request,200,OK,Thread Group 1-1,text,true,18525,4
1470908289853,5,HTTP Request,200,OK,Thread Group 1-1,text,true,18525,5
1470908289860,5,HTTP Request,200,OK,Thread Group 1-1,text,true,18525,5
1470908289867,7,HTTP Request,200,OK,Thread Group 1-1,text,true,18525,7
1470908289877,4,HTTP Request,200,OK,Thread Group 1-1,text,true,18525,4
1470908289883,5,HTTP Request,200,OK,Thread Group 1-1,text,true,18525,5
1470908289889,14,HTTP Request,200,OK,Thread Group 1-1,text,true,18525,14
1470908289903,5,HTTP Request,200,OK,Thread Group 1-1,text,true,18525,5
1470908289908,6,HTTP Request,200,OK,Thread Group 1-1,text,true,18525,6
1470908289916,5,HTTP Request,200,OK,Thread Group 1-1,text,true,18525,5
1470908289922,5,HTTP Request,200,OK,Thread Group 1-1,text,true,18525,5
1470908289927,5,HTTP Request,200,OK,Thread Group 1-1,text,true,18525,5
1470908289932,5,HTTP Request,200,OK,Thread Group 1-1,text,true,18525,5
1470908289938,6,HTTP Request,200,OK,Thread Group 1-1,text,true,18525,6
1470908289947,3,HTTP Request,200,OK,Thread Group 1-1,text,true,18525,3
1470908289952,5,HTTP Request,200,OK,Thread Group 1-1,text,true,18525,5
1470908289959,4,HTTP Request,200,OK,Thread Group 1-1,text,true,18525,4
1470908289964,4,HTTP Request,200,OK,Thread Group 1-1,text,true,18525,4
1470908289968,4,HTTP Request,200,OK,Thread Group 1-1,text,true,18525,4
1470908289972,4,HTTP Request,200,OK,Thread Group 1-1,text,true,18525,4
1470908289976,5,HTTP Request,200,OK,Thread Group 1-1,text,true,18525,5
1470908289982,5,HTTP Request,200,OK,Thread Group 1-1,text,true,18525,5
1470908289987,5,HTTP Request,200,OK,Thread Group 1-1,text,true,18525,5
1470908289993,4,HTTP Request,200,OK,Thread Group 1-1,text,true,18525,4
1470908289998,4,HTTP Request,200,OK,Thread Group 1-1,text,true,18525,4
1470908290003,4,HTTP Request,200,OK,Thread Group 1-1,text,true,18525,4
1470908290009,5,HTTP Request,200,OK,Thread Group 1-1,text,true,18525,5
1470908290015,5,HTTP Request,200,OK,Thread Group 1-1,text,true,18525,5
1470908290022,4,HTTP Request,200,OK,Thread Group 1-1,text,true,18525,4
1470908290028,4,HTTP Request,200,OK,Thread Group 1-1,text,true,18525,4
1470908290033,5,HTTP Request,200,OK,Thread Group 1-1,text,true,18525,5
1470908290039,5,HTTP Request,200,OK,Thread Group 1-1,text,true,18525,5
1470908290045,4,HTTP Request,200,OK,Thread Group 1-1,text,true,18525,4
1470908290050,3,HTTP Request,200,OK,Thread Group 1-1,text,true,18525,3
1470908290057,6,HTTP Request,200,OK,Thread Group 1-1,text,true,18525,6
1470908290064,5,HTTP Request,200,OK,Thread Group 1-1,text,true,18525,5
1470908290070,8,HTTP Request,200,OK,Thread Group 1-1,text,true,18525,8
1470908290080,5,HTTP Request,200,OK,Thread Group 1-1,text,true,18525,5
1470908290086,3,HTTP Request,200,OK,Thread Group 1-1,text,true,18525,3
1470908290090,4,HTTP Request,200,OK,Thread Group 1-1,text,true,18525,4
1470908290094,3,HTTP Request,200,OK,Thread Group 1-1,text,true,18525,3
1470908290098,4,HTTP Request,200,OK,Thread Group 1-1,text,true,18525,4
1470908290102,5,HTTP Request,200,OK,Thread Group 1-1,text,true,18525,5
1470908290108,4,HTTP Request,200,OK,Thread Group 1-1,text,true,18525,4
1470908290113,5,HTTP Request,200,OK,Thread Group 1-1,text,true,18525,5
1470908290119,24,HTTP Request,200,OK,Thread Group 1-1,text,true,18525,24
1470908290144,3,HTTP Request,200,OK,Thread Group 1-1,text,true,18525,3
1470908290148,5,HTTP Request,200,OK,Thread Group 1-1,text,true,18525,4
1470908290153,4,HTTP Request,200,OK,Thread Group 1-1,text,true,18525,4
1470908290158,4,HTTP Request,200,OK,Thread Group 1-1,text,true,18525,4
1470908290163,3,HTTP Request,200,OK,Thread Group 1-1,text,true,18525,3
1470908290167,5,HTTP Request,200,OK,Thread Group 1-1,text,true,18525,5
1470908290175,5,HTTP Request,200,OK,Thread Group 1-1,text,true,18525,5
1470908290181,3,HTTP Request,200,OK,Thread Group 1-1,text,true,18525,3
1470908290185,3,HTTP Request,200,OK,Thread Group 1-1,text,true,18525,3
1470908290189,4,HTTP Request,200,OK,Thread Group 1-1,text,true,18525,4
1470908290193,4,HTTP Request,200,OK,Thread Group 1-1,text,true,18525,4
1470908290197,3,HTTP Request,200,OK,Thread Group 1-1,text,true,18525,3
1470908290201,4,HTTP Request,200,OK,Thread Group 1-1,text,true,18525,4
1470908290206,4,HTTP Request,200,OK,Thread Group 1-1,text,true,18525,4
1470908290211,4,HTTP Request,200,OK,Thread Group 1-1,text,true,18525,4
1470908290215,4,HTTP Request,200,OK,Thread Group 1-1,text,true,18525,4
1470908290219,5,HTTP Request,200,OK,Thread Group 1-1,text,true,18525,5
1470908290224,7,HTTP Request,200,OK,Thread Group 1-1,text,true,18525,7
1470908290233,4,HTTP Request,200,OK,Thread Group 1-1,text,true,18525,4
1470908290239,5,HTTP Request,200,OK,Thread Group 1-1,text,true,18525,5
1470908290244,5,HTTP Request,200,OK,Thread Group 1-1,text,true,18525,5
1470908290250,4,HTTP Request,200,OK,Thread Group 1-1,text,true,18525,4
1470908290256,4,HTTP Request,200,OK,Thread Group 1-1,text,true,18525,4
1470908290260,4,HTTP Request,200,OK,Thread Group 1-1,text,true,18525,4
1470908290265,6,HTTP Request,200,OK,Thread Group 1-1,text,true,18525,6
1470908290272,6,HTTP Request,200,OK,Thread Group 1-1,text,true,18525,6
1470908290280,5,HTTP Request,200,OK,Thread Group 1-1,text,true,18525,5
1470908290285,6,HTTP Request,200,OK,Thread Group 1-1,text,true,18525,6
1470908290292,4,HTTP Request,200,OK,Thread Group 1-1,text,true,18525,4
1470908290296,5,HTTP Request,200,OK,Thread Group 1-1,text,true,18525,5
1470908290306,5,HTTP Request,200,OK,Thread Group 1-1,text,true,18525,5
1470908290312,7,HTTP Request,200,OK,Thread Group 1-1,text,true,18525,7
1470908290320,4,HTTP Request,200,OK,Thread Group 1-1,text,true,18525,4
1470908290325,5,HTTP Request,200,OK,Thread Group 1-1,text,true,18525,5
1470908290335,5,HTTP Request,200,OK,Thread Group 1-1,text,true,18525,5
1470908290341,4,HTTP Request,200,OK,Thread Group 1-1,text,true,18525,4
1470908290346,6,HTTP Request,200,OK,Thread Group 1-1,text,true,18525,6
1470908290354,5,HTTP Request,200,OK,Thread Group 1-1,text,true,18525,5
1470908290361,5,HTTP Request,200,OK,Thread Group 1-1,text,true,18525,5
1470908290368,5,HTTP Request,200,OK,Thread Group 1-1,text,true,18525,5
1470908290374,5,HTTP Request,200,OK,Thread Group 1-1,text,true,18525,5
1470908290381,13,HTTP Request,200,OK,Thread Group 1-1,text,true,18525,13
1470908290395,6,HTTP Request,200,OK,Thread Group 1-1,text,true,18525,5
1470908290401,3,HTTP Request,200,OK,Thread Group 1-1,text,true,18525,3
1470908290405,3,HTTP Request,200,OK,Thread Group 1-1,text,true,18525,3
1470908290409,4,HTTP Request,200,OK,Thread Group 1-1,text,true,18525,4
1470908290414,4,HTTP Request,200,OK,Thread Group 1-1,text,true,18525,4
1470908290419,3,HTTP Request,200,OK,Thread Group 1-1,text,true,18525,3
1470908290423,3,HTTP Request,200,OK,Thread Group 1-1,text,true,18525,3
1470908290427,4,HTTP Request,200,OK,Thread Group 1-1,text,true,18525,4
1470908290434,9,HTTP Request,200,OK,Thread Group 1-1,text,true,18525,9
1470908290444,5,HTTP Request,200,OK,Thread Group 1-1,text,true,18525,5
1470908290450,6,HTTP Request,200,OK,Thread Group 1-1,text,true,18525,6
1470908290456,4,HTTP Request,200,OK,Thread Group 1-1,text,true,18525,4
1470908290460,5,HTTP Request,200,OK,Thread Group 1-1,text,true,18525,5
1470908290466,3,HTTP Request,200,OK,Thread Group 1-1,text,true,18525,3
1470908290469,4,HTTP Request,200,OK,Thread Group 1-1,text,true,18525,4
1470908290474,3,HTTP Request,200,OK,Thread Group 1-1,text,true,18525,3
1470908290477,4,HTTP Request,200,OK,Thread Group 1-1,text,true,18525,4
1470908290482,4,HTTP Request,200,OK,Thread Group 1-1,text,true,18525,4
1470908290486,4,HTTP Request,200,OK,Thread Group 1-1,text,true,18525,4
1470908290490,5,HTTP Request,200,OK,Thread Group 1-1,text,true,18525,5
1470908290495,6,HTTP Request,200,OK,Thread Group 1-1,text,true,18525,6
1470908290503,5,HTTP Request,200,OK,Thread Group 1-1,text,true,18525,5
1470908290508,4,HTTP Request,200,OK,Thread Group 1-1,text,true,18525,4
1470908290513,3,HTTP Request,200,OK,Thread Group 1-1,text,true,18525,3
1470908290517,3,HTTP Request,200,OK,Thread Group 1-1,text,true,18525,3
1470908290521,4,HTTP Request,200,OK,Thread Group 1-1,text,true,18525,4
1470908290525,5,HTTP Request,200,OK,Thread Group 1-1,text,true,18525,5
1470908290530,6,HTTP Request,200,OK,Thread Group 1-1,text,true,18525,6
1470908290543,5,HTTP Request,200,OK,Thread Group 1-1,text,true,18525,5
1470908290549,6,HTTP Request,200,OK,Thread Group 1-1,text,true,18525,6
1470908290556,5,HTTP Request,200,OK,Thread Group 1-1,text,true,18525,5
1470908290562,5,HTTP Request,200,OK,Thread Group 1-1,text,true,18525,5
1470908290567,5,HTTP Request,200,OK,Thread Group 1-1,text,true,18525,5
1470908290573,5,HTTP Request,200,OK,Thread Group 1-1,text,true,18525,5
1470908290579,20,HTTP Request,200,OK,Thread Group 1-1,text,true,18525,20
1470908290600,3,HTTP Request,200,OK,Thread Group 1-1,text,true,18525,3
1470908290604,3,HTTP Request,200,OK,Thread Group 1-1,text,true,18525,3
1470908290608,5,HTTP Request,200,OK,Thread Group 1-1,text,true,18525,5
1470908290613,4,HTTP Request,200,OK,Thread Group 1-1,text,true,18525,4
1470908290618,3,HTTP Request,200,OK,Thread Group 1-1,text,true,18525,3
1470908290622,3,HTTP Request,200,OK,Thread Group 1-1,text,true,18525,3
1470908290626,5,HTTP Request,200,OK,Thread Group 1-1,text,true,18525,5
1470908290634,6,HTTP Request,200,OK,Thread Group 1-1,text,true,18525,6
1470908290641,5,HTTP Request,200,OK,Thread Group 1-1,text,true,18525,5
1470908290647,5,HTTP Request,200,OK,Thread Group 1-1,text,true,18525,5
1470908290652,5,HTTP Request,200,OK,Thread Group 1-1,text,true,18525,5
1470908290657,4,HTTP Request,200,OK,Thread Group 1-1,text,true,18525,4
1470908290661,9,HTTP Request,200,OK,Thread Group 1-1,text,true,18525,9
1470908290672,6,HTTP Request,200,OK,Thread Group 1-1,text,true,18525,5
1470908290678,4,HTTP Request,200,OK,Thread Group 1-1,text,true,18525,4
1470908290683,5,HTTP Request,200,OK,Thread Group 1-1,text,true,18525,5
1470908290689,4,HTTP Request,200,OK,Thread Group 1-1,text,true,18525,4
1470908290694,5,HTTP Request,200,OK,Thread Group 1-1,text,true,18525,5
1470908290700,5,HTTP Request,200,OK,Thread Group 1-1,text,true,18525,5
1470908290707,5,HTTP Request,200,OK,Thread Group 1-1,text,true,18525,5
1470908290713,6,HTTP Request,200,OK,Thread Group 1-1,text,true,18525,6
1470908290720,5,HTTP Request,200,OK,Thread Group 1-1,text,true,18525,5
1470908290726,4,HTTP Request,200,OK,Thread Group 1-1,text,true,18525,4
1470908290731,4,HTTP Request,200,OK,Thread Group 1-1,text,true,18525,4
1470908290735,4,HTTP Request,200,OK,Thread Group 1-1,text,true,18525,4
1470908290740,3,HTTP Request,200,OK,Thread Group 1-1,text,true,18525,3
1470908290744,3,HTTP Request,200,OK,Thread Group 1-1,text,true,18525,3
1470908290748,8,HTTP Request,200,OK,Thread Group 1-1,text,true,18525,8
1470908290757,12,HTTP Request,200,OK,Thread Group 1-1,text,true,18525,12
1470908290770,5,HTTP Request,200,OK,Thread Group 1-1,text,true,18525,5
1470908290775,4,HTTP Request,200,OK,Thread Group 1-1,text,true,18525,4
1470908290779,12,HTTP Request,200,OK,Thread Group 1-1,text,true,18525,12
1470908290794,5,HTTP Request,200,OK,Thread Group 1-1,text,true,18525,5
1470908290800,5,HTTP Request,200,OK,Thread Group 1-1,text,true,18525,5
1470908290805,5,HTTP Request,200,OK,Thread Group 1-1,text,true,18525,5
1470908290811,5,HTTP Request,200,OK,Thread Group 1-1,text,true,18525,5
1470908290816,5,HTTP Request,200,OK,Thread Group 1-1,text,true,18525,4
1470908290821,4,HTTP Request,200,OK,Thread Group 1-1,text,true,18525,4
1470908290826,3,HTTP Request,200,OK,Thread Group 1-1,text,true,18525,3
1470908290830,3,HTTP Request,200,OK,Thread Group 1-1,text,true,18525,3
1470908290833,5,HTTP Request,200,OK,Thread Group 1-1,text,true,18525,5
1470908290838,6,HTTP Request,200,OK,Thread Group 1-1,text,true,18525,6
1470908290845,9,HTTP Request,200,OK,Thread Group 1-1,text,true,18525,9
1470908290855,5,HTTP Request,200,OK,Thread Group 1-1,text,true,18525,5
1470908290860,4,HTTP Request,200,OK,Thread Group 1-1,text,true,18525,4
1470908290864,6,HTTP Request,200,OK,Thread Group 1-1,text,true,18525,6
1470908290876,6,HTTP Request,200,OK,Thread Group 1-1,text,true,18525,6
1470908290884,5,HTTP Request,200,OK,Thread Group 1-1,text,true,18525,5
1470908290890,6,HTTP Request,200,OK,Thread Group 1-1,text,true,18525,6
1470908290897,9,HTTP Request,200,OK,Thread Group 1-1,text,true,18525,6
1470908290907,6,HTTP Request,200,OK,Thread Group 1-1,text,true,18525,6
1470908290916,6,HTTP Request,200,OK,Thread Group 1-1,text,true,18525,6
1470908290923,5,HTTP Request,200,OK,Thread Group 1-1,text,true,18525,5
1470908290930,7,HTTP Request,200,OK,Thread Group 1-1,text,true,18525,7
1470908290938,3,HTTP Request,200,OK,Thread Group 1-1,text,true,18525,3
1470908290942,6,HTTP Request,200,OK,Thread Group 1-1,text,true,18525,6
1470908290949,12,HTTP Request,200,OK,Thread Group 1-1,text,true,18525,12
1470908290962,6,HTTP Request,200,OK,Thread Group 1-1,text,true,18525,6
1470908290971,4,HTTP Request,200,OK,Thread Group 1-1,text,true,18525,4
1470908290978,7,HTTP Request,200,OK,Thread Group 1-1,text,true,18525,7
1470908290985,17,HTTP Request,200,OK,Thread Group 1-1,text,true,18525,17
1470908291003,29,HTTP Request,200,OK,Thread Group 1-1,text,true,18525,29
1470908291037,6,HTTP Request,200,OK,Thread Group 1-1,text,true,18525,6
1470908291045,5,HTTP Request,200,OK,Thread Group 1-1,text,true,18525,5
1470908291054,5,HTTP Request,200,OK,Thread Group 1-1,text,true,18525,5
1470908291060,6,HTTP Request,200,OK,Thread Group 1-1,text,true,18525,6
1470908291070,7,HTTP Request,200,OK,Thread Group 1-1,text,true,18525,7
1470908291078,7,HTTP Request,200,OK,Thread Group 1-1,text,true,18525,7
1470908291086,5,HTTP Request,200,OK,Thread Group 1-1,text,true,18525,5
1470908291093,4,HTTP Request,200,OK,Thread Group 1-1,text,true,18525,4
1470908291098,5,HTTP Request,200,OK,Thread Group 1-1,text,true,18525,4
1470908291104,8,HTTP Request,200,OK,Thread Group 1-1,text,true,18525,8
1470908291114,5,HTTP Request,200,OK,Thread Group 1-1,text,true,18525,5
1470908291119,5,HTTP Request,200,OK,Thread Group 1-1,text,true,18525,5
1470908291124,4,HTTP Request,200,OK,Thread Group 1-1,text,true,18525,4
1470908291129,4,HTTP Request,200,OK,Thread Group 1-1,text,true,18525,4
1470908291133,4,HTTP Request,200,OK,Thread Group 1-1,text,true,18525,4
1470908291137,5,HTTP Request,200,OK,Thread Group 1-1,text,true,18525,5
1470908291142,4,HTTP Request,200,OK,Thread Group 1-1,text,true,18525,4
1470908291147,5,HTTP Request,200,OK,Thread Group 1-1,text,true,18525,5
1470908291154,5,HTTP Request,200,OK,Thread Group 1-1,text,true,18525,5
1470908291163,5,HTTP Request,200,OK,Thread Group 1-1,text,true,18525,5
1470908291169,6,HTTP Request,200,OK,Thread Group 1-1,text,true,18525,6
1470908291176,5,HTTP Request,200,OK,Thread Group 1-1,text,true,18525,5
1470908291182,5,HTTP Request,200,OK,Thread Group 1-1,text,true,18525,5
1470908291189,5,HTTP Request,200,OK,Thread Group 1-1,text,true,18525,5
1470908291196,6,HTTP Request,200,OK,Thread Group 1-1,text,true,18525,6
1470908291204,6,HTTP Request,200,OK,Thread Group 1-1,text,true,18525,5
1470908291210,5,HTTP Request,200,OK,Thread Group 1-1,text,true,18525,5
1470908291216,3,HTTP Request,200,OK,Thread Group 1-1,text,true,18525,3
1470908291219,4,HTTP Request,200,OK,Thread Group 1-1,text,true,18525,4
1470908291223,4,HTTP Request,200,OK,Thread Group 1-1,text,true,18525,4
1470908291228,5,HTTP Request,200,OK,Thread Group 1-1,text,true,18525,5
1470908291234,4,HTTP Request,200,OK,Thread Group 1-1,text,true,18525,4
1470908291239,5,HTTP Request,200,OK,Thread Group 1-1,text,true,18525,5
1470908291245,4,HTTP Request,200,OK,Thread Group 1-1,text,true,18525,4
1470908291250,4,HTTP Request,200,OK,Thread Group 1-1,text,true,18525,4
1470908291256,7,HTTP Request,200,OK,Thread Group 1-1,text,true,18525,7
1470908291263,6,HTTP Request,200,OK,Thread Group 1-1,text,true,18525,5
1470908291269,5,HTTP Request,200,OK,Thread Group 1-1,text,true,18525,5
1470908291275,9,HTTP Request,200,OK,Thread Group 1-1,text,true,18525,9
1470908291286,5,HTTP Request,200,OK,Thread Group 1-1,text,true,18525,5
1470908291294,12,HTTP Request,200,OK,Thread Group 1-1,text,true,18525,7
1470908291306,4,HTTP Request,200,OK,Thread Group 1-1,text,true,18525,4
1470908291311,5,HTTP Request,200,OK,Thread Group 1-1,text,true,18525,5
1470908291317,5,HTTP Request,200,OK,Thread Group 1-1,text,true,18525,5
1470908291323,5,HTTP Request,200,OK,Thread Group 1-1,text,true,18525,5
1470908291329,4,HTTP Request,200,OK,Thread Group 1-1,text,true,18525,4
1470908291333,4,HTTP Request,200,OK,Thread Group 1-1,text,true,18525,4
1470908291338,3,HTTP Request,200,OK,Thread Group 1-1,text,true,18525,3
1470908291342,4,HTTP Request,200,OK,Thread Group 1-1,text,true,18525,4
1470908291350,3,HTTP Request,200,OK,Thread Group 1-1,text,true,18525,3
1470908291354,3,HTTP Request,200,OK,Thread Group 1-1,text,true,18525,3
1470908291357,5,HTTP Request,200,OK,Thread Group 1-1,text,true,18525,5
1470908291364,4,HTTP Request,200,OK,Thread Group 1-1,text,true,18525,4
1470908291368,4,HTTP Request,200,OK,Thread Group 1-1,text,true,18525,4
1470908291373,4,HTTP Request,200,OK,Thread Group 1-1,text,true,18525,4
1470908291377,3,HTTP Request,200,OK,Thread Group 1-1,text,true,18525,3
1470908291381,3,HTTP Request,200,OK,Thread Group 1-1,text,true,18525,3
1470908291385,3,HTTP Request,200,OK,Thread Group 1-1,text,true,18525,3
1470908291388,4,HTTP Request,200,OK,Thread Group 1-1,text,true,18525,4
1470908291393,13,HTTP Request,200,OK,Thread Group 1-1,text,true,18525,13
1470908291406,3,HTTP Request,200,OK,Thread Group 1-1,text,true,18525,3
1470908291410,4,HTTP Request,200,OK,Thread Group 1-1,text,true,18525,4
1470908291414,4,HTTP Request,200,OK,Thread Group 1-1,text,true,18525,4
1470908291419,4,HTTP Request,200,OK,Thread Group 1-1,text,true,18525,4
1470908291424,4,HTTP Request,200,OK,Thread Group 1-1,text,true,18525,4
1470908291428,4,HTTP Request,200,OK,Thread Group 1-1,text,true,18525,4
1470908291432,4,HTTP Request,200,OK,Thread Group 1-1,text,true,18525,4
1470908291437,5,HTTP Request,200,OK,Thread Group 1-1,text,true,18525,5
1470908291443,31,HTTP Request,200,OK,Thread Group 1-1,text,true,18525,31
1470908291476,5,HTTP Request,200,OK,Thread Group 1-1,text,true,18525,5
1470908291483,4,HTTP Request,200,OK,Thread Group 1-1,text,true,18525,4
1470908291489,5,HTTP Request,200,OK,Thread Group 1-1,text,true,18525,5
1470908291495,6,HTTP Request,200,OK,Thread Group 1-1,text,true,18525,6
1470908291502,5,HTTP Request,200,OK,Thread Group 1-1,text,true,18525,5
1470908291508,3,HTTP Request,200,OK,Thread Group 1-1,text,true,18525,3
1470908291512,3,HTTP Request,200,OK,Thread Group 1-1,text,true,18525,3
1470908291515,4,HTTP Request,200,OK,Thread Group 1-1,text,true,18525,4
1470908291520,4,HTTP Request,200,OK,Thread Group 1-1,text,true,18525,4
1470908291525,5,HTTP Request,200,OK,Thread Group 1-1,text,true,18525,5
1470908291531,4,HTTP Request,200,OK,Thread Group 1-1,text,true,18525,4
1470908291536,5,HTTP Request,200,OK,Thread Group 1-1,text,true,18525,5
1470908291542,4,HTTP Request,200,OK,Thread Group 1-1,text,true,18525,4
1470908291547,5,HTTP Request,200,OK,Thread Group 1-1,text,true,18525,5
1470908291554,5,HTTP Request,200,OK,Thread Group 1-1,text,true,18525,5
1470908291560,5,HTTP Request,200,OK,Thread Group 1-1,text,true,18525,5
1470908291566,5,HTTP Request,200,OK,Thread Group 1-1,text,true,18525,5
1470908291571,4,HTTP Request,200,OK,Thread Group 1-1,text,true,18525,4
1470908291576,3,HTTP Request,200,OK,Thread Group 1-1,text,true,18525,3
1470908291579,4,HTTP Request,200,OK,Thread Group 1-1,text,true,18525,4
1470908291583,3,HTTP Request,200,OK,Thread Group 1-1,text,true,18525,3
1470908291587,4,HTTP Request,200,OK,Thread Group 1-1,text,true,18525,4
1470908291592,5,HTTP Request,200,OK,Thread Group 1-1,text,true,18525,5
1470908291599,6,HTTP Request,200,OK,Thread Group 1-1,text,true,18525,6
1470908291606,3,HTTP Request,200,OK,Thread Group 1-1,text,true,18525,3
1470908291610,4,HTTP Request,200,OK,Thread Group 1-1,text,true,18525,4
1470908291614,4,HTTP Request,200,OK,Thread Group 1-1,text,true,18525,4
1470908291619,3,HTTP Request,200,OK,Thread Group 1-1,text,true,18525,3
1470908291622,3,HTTP Request,200,OK,Thread Group 1-1,text,true,18525,3
1470908291626,3,HTTP Request,200,OK,Thread Group 1-1,text,true,18525,3
1470908291630,3,HTTP Request,200,OK,Thread Group 1-1,text,true,18525,3
1470908291633,6,HTTP Request,200,OK,Thread Group 1-1,text,true,18525,6
1470908291640,4,HTTP Request,200,OK,Thread Group 1-1,text,true,18525,4
1470908291645,3,HTTP Request,200,OK,Thread Group 1-1,text,true,18525,3
1470908291649,24,HTTP Request,200,OK,Thread Group 1-1,text,true,18525,24
1470908291674,7,HTTP Request,200,OK,Thread Group 1-1,text,true,18525,7
1470908291682,4,HTTP Request,200,OK,Thread Group 1-1,text,true,18525,4
1470908291687,5,HTTP Request,200,OK,Thread Group 1-1,text,true,18525,5
1470908291692,4,HTTP Request,200,OK,Thread Group 1-1,text,true,18525,4
1470908291696,4,HTTP Request,200,OK,Thread Group 1-1,text,true,18525,4
1470908291701,3,HTTP Request,200,OK,Thread Group 1-1,text,true,18525,3
1470908291704,4,HTTP Request,200,OK,Thread Group 1-1,text,true,18525,4
1470908291709,4,HTTP Request,200,OK,Thread Group 1-1,text,true,18525,4
1470908291713,4,HTTP Request,200,OK,Thread Group 1-1,text,true,18525,4
1470908291717,3,HTTP Request,200,OK,Thread Group 1-1,text,true,18525,3
1470908291721,5,HTTP Request,200,OK,Thread Group 1-1,text,true,18525,5
1470908291727,4,HTTP Request,200,OK,Thread Group 1-1,text,true,18525,4
1470908291732,6,HTTP Request,200,OK,Thread Group 1-1,text,true,18525,6
1470908291738,5,HTTP Request,200,OK,Thread Group 1-1,text,true,18525,5
1470908291744,6,HTTP Request,200,OK,Thread Group 1-1,text,true,18525,6
1470908291752,4,HTTP Request,200,OK,Thread Group 1-1,text,true,18525,4
1470908291758,3,HTTP Request,200,OK,Thread Group 1-1,text,true,18525,3
1470908291762,4,HTTP Request,200,OK,Thread Group 1-1,text,true,18525,4
1470908291766,6,HTTP Request,200,OK,Thread Group 1-1,text,true,18525,6
1470908291772,4,HTTP Request,200,OK,Thread Group 1-1,text,true,18525,4
1470908291777,4,HTTP Request,200,OK,Thread Group 1-1,text,true,18525,4
1470908291781,4,HTTP Request,200,OK,Thread Group 1-1,text,true,18525,4
1470908291785,4,HTTP Request,200,OK,Thread Group 1-1,text,true,18525,3
1470908291789,5,HTTP Request,200,OK,Thread Group 1-1,text,true,18525,5
1470908291795,3,HTTP Request,200,OK,Thread Group 1-1,text,true,18525,3
1470908291798,6,HTTP Request,200,OK,Thread Group 1-1,text,true,18525,5
1470908291804,4,HTTP Request,200,OK,Thread Group 1-1,text,true,18525,4
1470908291809,3,HTTP Request,200,OK,Thread Group 1-1,text,true,18525,3
1470908291812,4,HTTP Request,200,OK,Thread Group 1-1,text,true,18525,4
1470908291816,6,HTTP Request,200,OK,Thread Group 1-1,text,true,18525,6
1470908291824,5,HTTP Request,200,OK,Thread Group 1-1,text,true,18525,5
1470908291830,5,HTTP Request,200,OK,Thread Group 1-1,text,true,18525,5
1470908291835,5,HTTP Request,200,OK,Thread Group 1-1,text,true,18525,5
1470908291841,4,HTTP Request,200,OK,Thread Group 1-1,text,true,18525,4
1470908291846,6,HTTP Request,200,OK,Thread Group 1-1,text,true,18525,6
1470908291853,3,HTTP Request,200,OK,Thread Group 1-1,text,true,18525,3
1470908291857,3,HTTP Request,200,OK,Thread Group 1-1,text,true,18525,3
1470908291861,3,HTTP Request,200,OK,Thread Group 1-1,text,true,18525,3
1470908291865,3,HTTP Request,200,OK,Thread Group 1-1,text,true,18525,3
1470908291869,4,HTTP Request,200,OK,Thread Group 1-1,text,true,18525,4
1470908291874,3,HTTP Request,200,OK,Thread Group 1-1,text,true,18525,3
1470908291878,3,HTTP Request,200,OK,Thread Group 1-1,text,true,18525,3
1470908291882,4,HTTP Request,200,OK,Thread Group 1-1,text,true,18525,4
1470908291887,9,HTTP Request,200,OK,Thread Group 1-1,text,true,18525,9
1470908291896,5,HTTP Request,200,OK,Thread Group 1-1,text,true,18525,4
1470908291901,5,HTTP Request,200,OK,Thread Group 1-1,text,true,18525,5
1470908291907,4,HTTP Request,200,OK,Thread Group 1-1,text,true,18525,4
1470908291911,4,HTTP Request,200,OK,Thread Group 1-1,text,true,18525,4
1470908291915,3,HTTP Request,200,OK,Thread Group 1-1,text,true,18525,3
1470908291919,4,HTTP Request,200,OK,Thread Group 1-1,text,true,18525,4
1470908291923,4,HTTP Request,200,OK,Thread Group 1-1,text,true,18525,4
1470908291928,3,HTTP Request,200,OK,Thread Group 1-1,text,true,18525,3
1470908291931,4,HTTP Request,200,OK,Thread Group 1-1,text,true,18525,4
1470908291935,4,HTTP Request,200,OK,Thread Group 1-1,text,true,18525,4
1470908291939,5,HTTP Request,200,OK,Thread Group 1-1,text,true,18525,5
1470908291944,4,HTTP Request,200,OK,Thread Group 1-1,text,true,18525,4
1470908291949,4,HTTP Request,200,OK,Thread Group 1-1,text,true,18525,4
1470908291953,4,HTTP Request,200,OK,Thread Group 1-1,text,true,18525,4
1470908291957,4,HTTP Request,200,OK,Thread Group 1-1,text,true,18525,4
1470908291961,6,HTTP Request,200,OK,Thread Group 1-1,text,true,18525,6
1470908291968,5,HTTP Request,200,OK,Thread Group 1-1,text,true,18525,5
1470908291973,5,HTTP Request,200,OK,Thread Group 1-1,text,true,18525,5
1470908291979,5,HTTP Request,200,OK,Thread Group 1-1,text,true,18525,5
1470908291984,4,HTTP Request,200,OK,Thread Group 1-1,text,true,18525,4
1470908291989,3,HTTP Request,200,OK,Thread Group 1-1,text,true,18525,3
1470908291993,3,HTTP Request,200,OK,Thread Group 1-1,text,true,18525,3
1470908291997,3,HTTP Request,200,OK,Thread Group 1-1,text,true,18525,3
1470908292000,4,HTTP Request,200,OK,Thread Group 1-1,text,true,18525,4
1470908292004,3,HTTP Request,200,OK,Thread Group 1-1,text,true,18525,3
1470908292008,3,HTTP Request,200,OK,Thread Group 1-1,text,true,18525,3
1470908292012,5,HTTP Request,200,OK,Thread Group 1-1,text,true,18525,5
1470908292018,4,HTTP Request,200,OK,Thread Group 1-1,text,true,18525,4
1470908292022,3,HTTP Request,200,OK,Thread Group 1-1,text,true,18525,3
1470908292026,3,HTTP Request,200,OK,Thread Group 1-1,text,true,18525,3
1470908292030,4,HTTP Request,200,OK,Thread Group 1-1,text,true,18525,4
1470908292035,4,HTTP Request,200,OK,Thread Group 1-1,text,true,18525,4
1470908292039,4,HTTP Request,200,OK,Thread Group 1-1,text,true,18525,4
1470908292043,3,HTTP Request,200,OK,Thread Group 1-1,text,true,18525,3
1470908292047,3,HTTP Request,200,OK,Thread Group 1-1,text,true,18525,3
1470908292050,4,HTTP Request,200,OK,Thread Group 1-1,text,true,18525,4
1470908292054,4,HTTP Request,200,OK,Thread Group 1-1,text,true,18525,4
1470908292058,4,HTTP Request,200,OK,Thread Group 1-1,text,true,18525,4
1470908292063,5,HTTP Request,200,OK,Thread Group 1-1,text,true,18525,5
1470908292069,4,HTTP Request,200,OK,Thread Group 1-1,text,true,18525,4
1470908292074,4,HTTP Request,200,OK,Thread Group 1-1,text,true,18525,4
1470908292078,5,HTTP Request,200,OK,Thread Group 1-1,text,true,18525,5
1470908292083,5,HTTP Request,200,OK,Thread Group 1-1,text,true,18525,5
1470908292089,4,HTTP Request,200,OK,Thread Group 1-1,text,true,18525,4
1470908292094,4,HTTP Request,200,OK,Thread Group 1-1,text,true,18525,4
1470908292099,4,HTTP Request,200,OK,Thread Group 1-1,text,true,18525,4
1470908292103,4,HTTP Request,200,OK,Thread Group 1-1,text,true,18525,4
1470908292108,9,HTTP Request,200,OK,Thread Group 1-1,text,true,18525,9
1470908292117,6,HTTP Request,200,OK,Thread Group 1-1,text,true,18525,5
1470908292123,4,HTTP Request,200,OK,Thread Group 1-1,text,true,18525,4
1470908292128,4,HTTP Request,200,OK,Thread Group 1-1,text,true,18525,4
1470908292132,5,HTTP Request,200,OK,Thread Group 1-1,text,true,18525,5
1470908292137,5,HTTP Request,200,OK,Thread Group 1-1,text,true,18525,5
1470908292142,5,HTTP Request,200,OK,Thread Group 1-1,text,true,18525,5
1470908292147,5,HTTP Request,200,OK,Thread Group 1-1,text,true,18525,5
1470908292153,4,HTTP Request,200,OK,Thread Group 1-1,text,true,18525,4
1470908292158,3,HTTP Request,200,OK,Thread Group 1-1,text,true,18525,3
1470908292161,4,HTTP Request,200,OK,Thread Group 1-1,text,true,18525,4
1470908292165,5,HTTP Request,200,OK,Thread Group 1-1,text,true,18525,4
1470908292171,3,HTTP Request,200,OK,Thread Group 1-1,text,true,18525,3
1470908292175,3,HTTP Request,200,OK,Thread Group 1-1,text,true,18525,3
1470908292179,3,HTTP Request,200,OK,Thread Group 1-1,text,true,18525,3
1470908292182,4,HTTP Request,200,OK,Thread Group 1-1,text,true,18525,4
1470908292186,3,HTTP Request,200,OK,Thread Group 1-1,text,true,18525,3
1470908292190,3,HTTP Request,200,OK,Thread Group 1-1,text,true,18525,3
1470908292194,6,HTTP Request,200,OK,Thread Group 1-1,text,true,18525,6
1470908292201,5,HTTP Request,200,OK,Thread Group 1-1,text,true,18525,5
1470908292207,5,HTTP Request,200,OK,Thread Group 1-1,text,true,18525,5
1470908292213,6,HTTP Request,200,OK,Thread Group 1-1,text,true,18525,6
1470908292219,5,HTTP Request,200,OK,Thread Group 1-1,text,true,18525,5
1470908292225,4,HTTP Request,200,OK,Thread Group 1-1,text,true,18525,4
1470908292229,3,HTTP Request,200,OK,Thread Group 1-1,text,true,18525,3
1470908292232,4,HTTP Request,200,OK,Thread Group 1-1,text,true,18525,4
1470908292237,4,HTTP Request,200,OK,Thread Group 1-1,text,true,18525,3
1470908292242,4,HTTP Request,200,OK,Thread Group 1-1,text,true,18525,4
1470908292247,5,HTTP Request,200,OK,Thread Group 1-1,text,true,18525,5
1470908292254,3,HTTP Request,200,OK,Thread Group 1-1,text,true,18525,3
1470908292258,5,HTTP Request,200,OK,Thread Group 1-1,text,true,18525,5
1470908292264,4,HTTP Request,200,OK,Thread Group 1-1,text,true,18525,4
1470908292269,4,HTTP Request,200,OK,Thread Group 1-1,text,true,18525,4
1470908292273,4,HTTP Request,200,OK,Thread Group 1-1,text,true,18525,4
1470908292277,3,HTTP Request,200,OK,Thread Group 1-1,text,true,18525,3
1470908292281,3,HTTP Request,200,OK,Thread Group 1-1,text,true,18525,3
1470908292284,3,HTTP Request,200,OK,Thread Group 1-1,text,true,18525,3
1470908292288,5,HTTP Request,200,OK,Thread Group 1-1,text,true,18525,5
1470908292294,4,HTTP Request,200,OK,Thread Group 1-1,text,true,18525,4
1470908292299,4,HTTP Request,200,OK,Thread Group 1-1,text,true,18525,4
1470908292304,3,HTTP Request,200,OK,Thread Group 1-1,text,true,18525,3
1470908292308,3,HTTP Request,200,OK,Thread Group 1-1,text,true,18525,3
1470908292315,5,HTTP Request,200,OK,Thread Group 1-1,text,true,18525,5
1470908292321,6,HTTP Request,200,OK,Thread Group 1-1,text,true,18525,6
1470908292328,5,HTTP Request,200,OK,Thread Group 1-1,text,true,18525,5
1470908292333,7,HTTP Request,200,OK,Thread Group 1-1,text,true,18525,7
1470908292340,5,HTTP Request,200,OK,Thread Group 1-1,text,true,18525,5
1470908292346,6,HTTP Request,200,OK,Thread Group 1-1,text,true,18525,6
1470908292352,4,HTTP Request,200,OK,Thread Group 1-1,text,true,18525,4
1470908292357,5,HTTP Request,200,OK,Thread Group 1-1,text,true,18525,5
1470908292364,4,HTTP Request,200,OK,Thread Group 1-1,text,true,18525,4
1470908292370,6,HTTP Request,200,OK,Thread Group 1-1,text,true,18525,6
1470908292378,7,HTTP Request,200,OK,Thread Group 1-1,text,true,18525,7
1470908292387,6,HTTP Request,200,OK,Thread Group 1-1,text,true,18525,6
1470908292394,5,HTTP Request,200,OK,Thread Group 1-1,text,true,18525,5
1470908292400,5,HTTP Request,200,OK,Thread Group 1-1,text,true,18525,5
1470908292405,11,HTTP Request,200,OK,Thread Group 1-1,text,true,18525,11
1470908292417,5,HTTP Request,200,OK,Thread Group 1-1,text,true,18525,5
1470908292423,6,HTTP Request,200,OK,Thread Group 1-1,text,true,18525,6
1470908292429,5,HTTP Request,200,OK,Thread Group 1-1,text,true,18525,5
1470908292435,5,HTTP Request,200,OK,Thread Group 1-1,text,true,18525,5
1470908292441,5,HTTP Request,200,OK,Thread Group 1-1,text,true,18525,5
1470908292447,4,HTTP Request,200,OK,Thread Group 1-1,text,true,18525,4
1470908292452,4,HTTP Request,200,OK,Thread Group 1-1,text,true,18525,4
1470908292456,8,HTTP Request,200,OK,Thread Group 1-1,text,true,18525,8
1470908292467,5,HTTP Request,200,OK,Thread Group 1-1,text,true,18525,5
1470908292472,4,HTTP Request,200,OK,Thread Group 1-1,text,true,18525,4
1470908292477,4,HTTP Request,200,OK,Thread Group 1-1,text,true,18525,4
1470908292482,3,HTTP Request,200,OK,Thread Group 1-1,text,true,18525,3
1470908292486,5,HTTP Request,200,OK,Thread Group 1-1,text,true,18525,5
1470908292492,3,HTTP Request,200,OK,Thread Group 1-1,text,true,18525,3
1470908292495,5,HTTP Request,200,OK,Thread Group 1-1,text,true,18525,5
1470908292501,8,HTTP Request,200,OK,Thread Group 1-1,text,true,18525,8
1470908292510,5,HTTP Request,200,OK,Thread Group 1-1,text,true,18525,5
1470908292522,5,HTTP Request,200,OK,Thread Group 1-1,text,true,18525,5
1470908292529,4,HTTP Request,200,OK,Thread Group 1-1,text,true,18525,4
1470908292535,5,HTTP Request,200,OK,Thread Group 1-1,text,true,18525,5
1470908292542,5,HTTP Request,200,OK,Thread Group 1-1,text,true,18525,5
1470908292548,5,HTTP Request,200,OK,Thread Group 1-1,text,true,18525,5
1470908292554,12,HTTP Request,200,OK,Thread Group 1-1,text,true,18525,12
1470908292567,6,HTTP Request,200,OK,Thread Group 1-1,text,true,18525,6
1470908292573,4,HTTP Request,200,OK,Thread Group 1-1,text,true,18525,4
1470908292577,4,HTTP Request,200,OK,Thread Group 1-1,text,true,18525,4
1470908292581,5,HTTP Request,200,OK,Thread Group 1-1,text,true,18525,5
1470908292586,4,HTTP Request,200,OK,Thread Group 1-1,text,true,18525,4
1470908292590,4,HTTP Request,200,OK,Thread Group 1-1,text,true,18525,4
1470908292594,3,HTTP Request,200,OK,Thread Group 1-1,text,true,18525,3
1470908292598,3,HTTP Request,200,OK,Thread Group 1-1,text,true,18525,3
1470908292602,4,HTTP Request,200,OK,Thread Group 1-1,text,true,18525,4
1470908292606,5,HTTP Request,200,OK,Thread Group 1-1,text,true,18525,5
1470908292611,5,HTTP Request,200,OK,Thread Group 1-1,text,true,18525,5
1470908292617,4,HTTP Request,200,OK,Thread Group 1-1,text,true,18525,4
1470908292622,5,HTTP Request,200,OK,Thread Group 1-1,text,true,18525,5
1470908292628,5,HTTP Request,200,OK,Thread Group 1-1,text,true,18525,5
1470908292635,5,HTTP Request,200,OK,Thread Group 1-1,text,true,18525,4
1470908292640,5,HTTP Request,200,OK,Thread Group 1-1,text,true,18525,5
1470908292645,5,HTTP Request,200,OK,Thread Group 1-1,text,true,18525,5
1470908292650,5,HTTP Request,200,OK,Thread Group 1-1,text,true,18525,5
1470908292655,4,HTTP Request,200,OK,Thread Group 1-1,text,true,18525,4
1470908292659,3,HTTP Request,200,OK,Thread Group 1-1,text,true,18525,3
1470908292663,6,HTTP Request,200,OK,Thread Group 1-1,text,true,18525,6
1470908292669,4,HTTP Request,200,OK,Thread Group 1-1,text,true,18525,4
1470908292674,4,HTTP Request,200,OK,Thread Group 1-1,text,true,18525,4
1470908292678,6,HTTP Request,200,OK,Thread Group 1-1,text,true,18525,6
1470908292685,5,HTTP Request,200,OK,Thread Group 1-1,text,true,18525,5
1470908292691,4,HTTP Request,200,OK,Thread Group 1-1,text,true,18525,4
1470908292695,4,HTTP Request,200,OK,Thread Group 1-1,text,true,18525,4
1470908292700,3,HTTP Request,200,OK,Thread Group 1-1,text,true,18525,3
1470908292703,4,HTTP Request,200,OK,Thread Group 1-1,text,true,18525,4
1470908292707,3,HTTP Request,200,OK,Thread Group 1-1,text,true,18525,3
1470908292711,4,HTTP Request,200,OK,Thread Group 1-1,text,true,18525,4
1470908292716,5,HTTP Request,200,OK,Thread Group 1-1,text,true,18525,5
1470908292722,4,HTTP Request,200,OK,Thread Group 1-1,text,true,18525,4
1470908292727,5,HTTP Request,200,OK,Thread Group 1-1,text,true,18525,5
1470908292732,5,HTTP Request,200,OK,Thread Group 1-1,text,true,18525,5
1470908292738,4,HTTP Request,200,OK,Thread Group 1-1,text,true,18525,4
1470908292742,5,HTTP Request,200,OK,Thread Group 1-1,text,true,18525,5
1470908292747,5,HTTP Request,200,OK,Thread Group 1-1,text,true,18525,5
1470908292752,4,HTTP Request,200,OK,Thread Group 1-1,text,true,18525,4
1470908292756,4,HTTP Request,200,OK,Thread Group 1-1,text,true,18525,4
1470908292761,3,HTTP Request,200,OK,Thread Group 1-1,text,true,18525,3
1470908292765,4,HTTP Request,200,OK,Thread Group 1-1,text,true,18525,4
1470908292771,4,HTTP Request,200,OK,Thread Group 1-1,text,true,18525,4
1470908292776,5,HTTP Request,200,OK,Thread Group 1-1,text,true,18525,5
1470908292782,4,HTTP Request,200,OK,Thread Group 1-1,text,true,18525,4
1470908292786,4,HTTP Request,200,OK,Thread Group 1-1,text,true,18525,4
1470908292790,3,HTTP Request,200,OK,Thread Group 1-1,text,true,18525,3
1470908292794,3,HTTP Request,200,OK,Thread Group 1-1,text,true,18525,3
1470908292797,4,HTTP Request,200,OK,Thread Group 1-1,text,true,18525,4
1470908292801,4,HTTP Request,200,OK,Thread Group 1-1,text,true,18525,4
1470908292806,5,HTTP Request,200,OK,Thread Group 1-1,text,true,18525,5
1470908292811,4,HTTP Request,200,OK,Thread Group 1-1,text,true,18525,4
1470908292815,3,HTTP Request,200,OK,Thread Group 1-1,text,true,18525,3
1470908292819,4,HTTP Request,200,OK,Thread Group 1-1,text,true,18525,4
1470908292824,4,HTTP Request,200,OK,Thread Group 1-1,text,true,18525,4
1470908292828,4,HTTP Request,200,OK,Thread Group 1-1,text,true,18525,4
1470908292832,4,HTTP Request,200,OK,Thread Group 1-1,text,true,18525,4
1470908292836,3,HTTP Request,200,OK,Thread Group 1-1,text,true,18525,3
1470908292840,3,HTTP Request,200,OK,Thread Group 1-1,text,true,18525,3
1470908292843,4,HTTP Request,200,OK,Thread Group 1-1,text,true,18525,4
1470908292847,3,HTTP Request,200,OK,Thread Group 1-1,text,true,18525,3
1470908292851,4,HTTP Request,200,OK,Thread Group 1-1,text,true,18525,4
1470908292856,3,HTTP Request,200,OK,Thread Group 1-1,text,true,18525,3
1470908292860,3,HTTP Request,200,OK,Thread Group 1-1,text,true,18525,3
1470908292864,5,HTTP Request,200,OK,Thread Group 1-1,text,true,18525,5
1470908292871,4,HTTP Request,200,OK,Thread Group 1-1,text,true,18525,4
1470908292876,4,HTTP Request,200,OK,Thread Group 1-1,text,true,18525,4
1470908292881,4,HTTP Request,200,OK,Thread Group 1-1,text,true,18525,4
1470908292887,4,HTTP Request,200,OK,Thread Group 1-1,text,true,18525,4
1470908292892,5,HTTP Request,200,OK,Thread Group 1-1,text,true,18525,5
1470908292900,8,HTTP Request,200,OK,Thread Group 1-1,text,true,18525,8
1470908292909,4,HTTP Request,200,OK,Thread Group 1-1,text,true,18525,4
1470908292913,5,HTTP Request,200,OK,Thread Group 1-1,text,true,18525,5
1470908292918,4,HTTP Request,200,OK,Thread Group 1-1,text,true,18525,4
